route_id,route,origin,origin_code,destination,destination_code,domestic,source,discoverability_status,discovered_at
R0001,DEL-AMD,New Delhi,DEL,Ahmedabad,AMD,True,yatra,DISCOVERED,2026-09-17T07:52:11.050429+00:00
R0002,DEL-ATQ,New Delhi,DEL,Amritsar,ATQ,True,yatra,DISCOVERED,2026-09-17T07:52:11.050429+00:00
R0003,DEL-BBI,New Delhi,DEL,Bhubaneswar,BBI,True,yatra,DISCOVERED,2026-09-17T07:52:11.050429+00:00
R0004,DEL-BDQ,New Delhi,DEL,Vadodara,BDQ,True,yatra,DISCOVERED,2026-09-17T07:52:11.050429+00:00
R0005,DEL-BLR,New Delhi,DEL,Bengaluru,BLR,True,yatra,REF_SIH,2026-09-17T07:52:11.050429+00:00
R0006,DEL-BOM,New Delhi,DEL,Mumbai,BOM,True,yatra,REF_SIH,2026-09-17T07:52:11.050429+00:00
R0007,DEL-CCU,New Delhi,DEL,Kolkata,CCU,True,yatra,REF_SIH,2026-09-17T07:52:11.050429+00:00
R0008,DEL-CJB,New Delhi,DEL,Coimbatore,CJB,True,yatra,DISCOVERED,2026-09-17T07:52:11.050429+00:00
R0009,DEL-COK,New Delhi,DEL,Kochi,COK,True,yatra,DISCOVERED,2026-09-17T07:52:11.050429+00:00
R0010,DEL-DED,New Delhi,DEL,Dehradun,DED,True,yatra,DISCOVERED,2026-09-17T07:52:11.050429+00:00
R0011,DEL-DHM,New Delhi,DEL,Dharamshala,DHM,True,yatra,DISCOVERED,2026-09-17T07:52:11.050429+00:00
R0012,DEL-DIB,New Delhi,DEL,Dibrugarh,DIB,True,yatra,DISCOVERED,2026-09-17T07:52:11.050429+00:00
R0013,DEL-GAU,New Delhi,DEL,Guwahati,GAU,True,yatra,DISCOVERED,2026-09-17T07:52:11.050429+00:00
R0014,DEL-GOI,New Delhi,DEL,Goa (Dabolim),GOI,True,yatra,DISCOVERED,2026-09-17T07:52:11.050429+00:00
R0015,DEL-GOX,New Delhi,DEL,Goa (Mopa),GOX,True,yatra,DISCOVERED,2026-09-17T07:52:11.050429+00:00
R0016,DEL-GWL,New Delhi,DEL,Gwalior,GWL,True,yatra,DISCOVERED,2026-09-17T07:52:11.050429+00:00
R0017,DEL-HYD,New Delhi,DEL,Hyderabad,HYD,True,yatra,DISCOVERED,2026-09-17T07:52:11.050429+00:00
R0018,DEL-IDR,New Delhi,DEL,Indore,IDR,True,yatra,DISCOVERED,2026-09-17T07:52:11.050429+00:00
R0019,DEL-IMF,New Delhi,DEL,Imphal,IMF,True,yatra,DISCOVERED,2026-09-17T07:52:11.050429+00:00
R0020,DEL-IXA,New Delhi,DEL,Agartala,IXA,True,yatra,DISCOVERED,2026-09-17T07:52:11.050429+00:00
R0021,DEL-IXB,New Delhi,DEL,Bagdogra,IXB,True,yatra,DISCOVERED,2026-09-17T07:52:11.050429+00:00
R0022,DEL-IXC,New Delhi,DEL,Chandigarh,IXC,True,yatra,DISCOVERED,2026-09-17T07:52:11.050429+00:00
R0023,DEL-IXE,New Delhi,DEL,Mangalore,IXE,True,yatra,DISCOVERED,2026-09-17T07:52:11.050429+00:00
R0024,DEL-IXJ,New Delhi,DEL,Jammu,IXJ,True,yatra,DISCOVERED,2026-09-17T07:52:11.050429+00:00
R0025,DEL-IXM,New Delhi,DEL,Madurai,IXM,True,yatra,DISCOVERED,2026-09-17T07:52:11.050429+00:00
R0026,DEL-IXR,New Delhi,DEL,Ranchi,IXR,True,yatra,DISCOVERED,2026-09-17T07:52:11.050429+00:00
R0027,DEL-JAI,New Delhi,DEL,Jaipur,JAI,True,yatra,DISCOVERED,2026-09-17T07:52:11.050429+00:00
R0028,DEL-JDH,New Delhi,DEL,Jodhpur,JDH,True,yatra,DISCOVERED,2026-09-17T07:52:11.050429+00:00
R0029,DEL-KUU,New Delhi,DEL,Kullu,KUU,True,yatra,DISCOVERED,2026-09-17T07:52:11.050429+00:00
R0030,DEL-LKO,New Delhi,DEL,Lucknow,LKO,True,yatra,DISCOVERED,2026-09-17T07:52:11.050429+00:00
R0031,DEL-MAA,New Delhi,DEL,Chennai,MAA,True,yatra,DISCOVERED,2026-09-17T07:52:11.050429+00:00
R0032,DEL-NAG,New Delhi,DEL,Nagpur,NAG,True,yatra,DISCOVERED,2026-09-17T07:52:11.050429+00:00
R0033,DEL-PAT,New Delhi,DEL,Patna,PAT,True,yatra,DISCOVERED,2026-09-17T07:52:11.050429+00:00
R0034,DEL-PNQ,New Delhi,DEL,Pune,PNQ,True,yatra,DISCOVERED,2026-09-17T07:52:11.050429+00:00
R0035,DEL-RPR,New Delhi,DEL,Raipur,RPR,True,yatra,DISCOVERED,2026-09-17T07:52:11.050429+00:00
R0036,DEL-STV,New Delhi,DEL,Surat,STV,True,yatra,DISCOVERED,2026-09-17T07:52:11.050429+00:00
R0037,DEL-SXR,New Delhi,DEL,Srinagar,SXR,True,yatra,DISCOVERED,2026-09-17T07:52:11.050429+00:00
R0038,DEL-TRV,New Delhi,DEL,Thiruvananthapuram,TRV,True,yatra,DISCOVERED,2026-09-17T07:52:11.050429+00:00
R0039,DEL-TRZ,New Delhi,DEL,Tiruchirappalli,TRZ,True,yatra,DISCOVERED,2026-09-17T07:52:11.050429+00:00
R0040,DEL-UDR,New Delhi,DEL,Udaipur,UDR,True,yatra,DISCOVERED,2026-09-17T07:52:11.050429+00:00
R0041,DEL-VNS,New Delhi,DEL,Varanasi,VNS,True,yatra,DISCOVERED,2026-09-17T07:52:11.050429+00:00
R0042,DEL-VTZ,New Delhi,DEL,Visakhapatnam,VTZ,True,yatra,DISCOVERED,2026-09-17T07:52:11.050429+00:00
R0043,BOM-AMD,Mumbai,BOM,Ahmedabad,AMD,True,yatra,DISCOVERED,2026-09-17T07:52:11.050429+00:00
R0044,BOM-ATQ,Mumbai,BOM,Amritsar,ATQ,True,yatra,DISCOVERED,2026-09-17T07:52:11.050429+00:00
R0045,BOM-BBI,Mumbai,BOM,Bhubaneswar,BBI,True,yatra,DISCOVERED,2026-09-17T07:52:11.050429+00:00
R0046,BOM-BDQ,Mumbai,BOM,Vadodara,BDQ,True,yatra,DISCOVERED,2026-09-17T07:52:11.050429+00:00
R0047,BOM-BLR,Mumbai,BOM,Bengaluru,BLR,True,yatra,REF_SIH,2026-09-17T07:52:11.050429+00:00
R0048,BOM-CCU,Mumbai,BOM,Kolkata,CCU,True,yatra,DISCOVERED,2026-09-17T07:52:11.050429+00:00
R0049,BOM-CJB,Mumbai,BOM,Coimbatore,CJB,True,yatra,DISCOVERED,2026-09-17T07:52:11.050429+00:00
R0050,BOM-COK,Mumbai,BOM,Kochi,COK,True,yatra,DISCOVERED,2026-09-17T07:52:11.050429+00:00
R0051,BOM-DED,Mumbai,BOM,Dehradun,DED,True,yatra,DISCOVERED,2026-09-17T07:52:11.050429+00:00
R0052,BOM-DEL,Mumbai,BOM,New Delhi,DEL,True,yatra,DISCOVERED,2026-09-17T07:52:11.050429+00:00
R0053,BOM-DHM,Mumbai,BOM,Dharamshala,DHM,True,yatra,DISCOVERED,2026-09-17T07:52:11.050429+00:00
R0054,BOM-DIB,Mumbai,BOM,Dibrugarh,DIB,True,yatra,DISCOVERED,2026-09-17T07:52:11.050429+00:00
R0055,BOM-GAU,Mumbai,BOM,Guwahati,GAU,True,yatra,DISCOVERED,2026-09-17T07:52:11.050429+00:00
R0056,BOM-GOI,Mumbai,BOM,Goa (Dabolim),GOI,True,yatra,DISCOVERED,2026-09-17T07:52:11.050429+00:00
R0057,BOM-GOX,Mumbai,BOM,Goa (Mopa),GOX,True,yatra,DISCOVERED,2026-09-17T07:52:11.050429+00:00
R0058,BOM-GWL,Mumbai,BOM,Gwalior,GWL,True,yatra,DISCOVERED,2026-09-17T07:52:11.050429+00:00
R0059,BOM-HYD,Mumbai,BOM,Hyderabad,HYD,True,yatra,DISCOVERED,2026-09-17T07:52:11.050429+00:00
R0060,BOM-IDR,Mumbai,BOM,Indore,IDR,True,yatra,DISCOVERED,2026-09-17T07:52:11.050429+00:00
R0061,BOM-IMF,Mumbai,BOM,Imphal,IMF,True,yatra,DISCOVERED,2026-09-17T07:52:11.050429+00:00
R0062,BOM-IXA,Mumbai,BOM,Agartala,IXA,True,yatra,DISCOVERED,2026-09-17T07:52:11.050429+00:00
R0063,BOM-IXB,Mumbai,BOM,Bagdogra,IXB,True,yatra,DISCOVERED,2026-09-17T07:52:11.050429+00:00
R0064,BOM-IXC,Mumbai,BOM,Chandigarh,IXC,True,yatra,DISCOVERED,2026-09-17T07:52:11.050429+00:00
R0065,BOM-IXE,Mumbai,BOM,Mangalore,IXE,True,yatra,DISCOVERED,2026-09-17T07:52:11.050429+00:00
R0066,BOM-IXJ,Mumbai,BOM,Jammu,IXJ,True,yatra,DISCOVERED,2026-09-17T07:52:11.050429+00:00
R0067,BOM-IXM,Mumbai,BOM,Madurai,IXM,True,yatra,DISCOVERED,2026-09-17T07:52:11.050429+00:00
R0068,BOM-IXR,Mumbai,BOM,Ranchi,IXR,True,yatra,DISCOVERED,2026-09-17T07:52:11.050429+00:00
R0069,BOM-JAI,Mumbai,BOM,Jaipur,JAI,True,yatra,DISCOVERED,2026-09-17T07:52:11.050429+00:00
R0070,BOM-JDH,Mumbai,BOM,Jodhpur,JDH,True,yatra,DISCOVERED,2026-09-17T07:52:11.050429+00:00
R0071,BOM-KUU,Mumbai,BOM,Kullu,KUU,True,yatra,DISCOVERED,2026-09-17T07:52:11.050429+00:00
R0072,BOM-LKO,Mumbai,BOM,Lucknow,LKO,True,yatra,DISCOVERED,2026-09-17T07:52:11.050429+00:00
R0073,BOM-MAA,Mumbai,BOM,Chennai,MAA,True,yatra,DISCOVERED,2026-09-17T07:52:11.050429+00:00
R0074,BOM-NAG,Mumbai,BOM,Nagpur,NAG,True,yatra,DISCOVERED,2026-09-17T07:52:11.050429+00:00
R0075,BOM-PAT,Mumbai,BOM,Patna,PAT,True,yatra,DISCOVERED,2026-09-17T07:52:11.050429+00:00
R0076,BOM-PNQ,Mumbai,BOM,Pune,PNQ,True,yatra,DISCOVERED,2026-09-17T07:52:11.050429+00:00
R0077,BOM-RPR,Mumbai,BOM,Raipur,RPR,True,yatra,DISCOVERED,2026-09-17T07:52:11.050429+00:00
R0078,BOM-STV,Mumbai,BOM,Surat,STV,True,yatra,DISCOVERED,2026-09-17T07:52:11.050429+00:00
R0079,BOM-SXR,Mumbai,BOM,Srinagar,SXR,True,yatra,DISCOVERED,2026-09-17T07:52:11.050429+00:00
R0080,BOM-TRV,Mumbai,BOM,Thiruvananthapuram,TRV,True,yatra,DISCOVERED,2026-09-17T07:52:11.050429+00:00
R0081,BOM-TRZ,Mumbai,BOM,Tiruchirappalli,TRZ,True,yatra,DISCOVERED,2026-09-17T07:52:11.050429+00:00
R0082,BOM-UDR,Mumbai,BOM,Udaipur,UDR,True,yatra,DISCOVERED,2026-09-17T07:52:11.050429+00:00
R0083,BOM-VNS,Mumbai,BOM,Varanasi,VNS,True,yatra,DISCOVERED,2026-09-17T07:52:11.050429+00:00
R0084,BOM-VTZ,Mumbai,BOM,Visakhapatnam,VTZ,True,yatra,DISCOVERED,2026-09-17T07:52:11.050429+00:00
R0085,BLR-AMD,Bengaluru,BLR,Ahmedabad,AMD,True,yatra,DISCOVERED,2026-09-17T07:52:11.050429+00:00
R0086,BLR-ATQ,Bengaluru,BLR,Amritsar,ATQ,True,yatra,DISCOVERED,2026-09-17T07:52:11.050429+00:00
R0087,BLR-BBI,Bengaluru,BLR,Bhubaneswar,BBI,True,yatra,DISCOVERED,2026-09-17T07:52:11.050429+00:00
R0088,BLR-BDQ,Bengaluru,BLR,Vadodara,BDQ,True,yatra,DISCOVERED,2026-09-17T07:52:11.050429+00:00
R0089,BLR-BOM,Bengaluru,BLR,Mumbai,BOM,True,yatra,DISCOVERED,2026-09-17T07:52:11.050429+00:00
R0090,BLR-CCU,Bengaluru,BLR,Kolkata,CCU,True,yatra,DISCOVERED,2026-09-17T07:52:11.050429+00:00
R0091,BLR-CJB,Bengaluru,BLR,Coimbatore,CJB,True,yatra,DISCOVERED,2026-09-17T07:52:11.050429+00:00
R0092,BLR-COK,Bengaluru,BLR,Kochi,COK,True,yatra,DISCOVERED,2026-09-17T07:52:11.050429+00:00
R0093,BLR-DED,Bengaluru,BLR,Dehradun,DED,True,yatra,DISCOVERED,2026-09-17T07:52:11.050429+00:00
R0094,BLR-DEL,Bengaluru,BLR,New Delhi,DEL,True,yatra,DISCOVERED,2026-09-17T07:52:11.050429+00:00
R0095,BLR-DHM,Bengaluru,BLR,Dharamshala,DHM,True,yatra,DISCOVERED,2026-09-17T07:52:11.050429+00:00
R0096,BLR-DIB,Bengaluru,BLR,Dibrugarh,DIB,True,yatra,DISCOVERED,2026-09-17T07:52:11.050429+00:00
R0097,BLR-GAU,Bengaluru,BLR,Guwahati,GAU,True,yatra,DISCOVERED,2026-09-17T07:52:11.050429+00:00
R0098,BLR-GOI,Bengaluru,BLR,Goa (Dabolim),GOI,True,yatra,DISCOVERED,2026-09-17T07:52:11.050429+00:00
R0099,BLR-GOX,Bengaluru,BLR,Goa (Mopa),GOX,True,yatra,DISCOVERED,2026-09-17T07:52:11.050429+00:00
R0100,BLR-GWL,Bengaluru,BLR,Gwalior,GWL,True,yatra,DISCOVERED,2026-09-17T07:52:11.050429+00:00
R0101,BLR-HYD,Bengaluru,BLR,Hyderabad,HYD,True,yatra,REF_SIH,2026-09-17T07:52:11.050429+00:00
R0102,BLR-IDR,Bengaluru,BLR,Indore,IDR,True,yatra,DISCOVERED,2026-09-17T07:52:11.050429+00:00
R0103,BLR-IMF,Bengaluru,BLR,Imphal,IMF,True,yatra,DISCOVERED,2026-09-17T07:52:11.050429+00:00
R0104,BLR-IXA,Bengaluru,BLR,Agartala,IXA,True,yatra,DISCOVERED,2026-09-17T07:52:11.050429+00:00
R0105,BLR-IXB,Bengaluru,BLR,Bagdogra,IXB,True,yatra,DISCOVERED,2026-09-17T07:52:11.050429+00:00
R0106,BLR-IXC,Bengaluru,BLR,Chandigarh,IXC,True,yatra,DISCOVERED,2026-09-17T07:52:11.050429+00:00
R0107,BLR-IXE,Bengaluru,BLR,Mangalore,IXE,True,yatra,DISCOVERED,2026-09-17T07:52:11.050429+00:00
R0108,BLR-IXJ,Bengaluru,BLR,Jammu,IXJ,True,yatra,DISCOVERED,2026-09-17T07:52:11.050429+00:00
R0109,BLR-IXM,Bengaluru,BLR,Madurai,IXM,True,yatra,DISCOVERED,2026-09-17T07:52:11.050429+00:00
R0110,BLR-IXR,Bengaluru,BLR,Ranchi,IXR,True,yatra,DISCOVERED,2026-09-17T07:52:11.050429+00:00
R0111,BLR-JAI,Bengaluru,BLR,Jaipur,JAI,True,yatra,DISCOVERED,2026-09-17T07:52:11.050429+00:00
R0112,BLR-JDH,Bengaluru,BLR,Jodhpur,JDH,True,yatra,DISCOVERED,2026-09-17T07:52:11.050429+00:00
R0113,BLR-KUU,Bengaluru,BLR,Kullu,KUU,True,yatra,DISCOVERED,2026-09-17T07:52:11.050429+00:00
R0114,BLR-LKO,Bengaluru,BLR,Lucknow,LKO,True,yatra,DISCOVERED,2026-09-17T07:52:11.050429+00:00
R0115,BLR-MAA,Bengaluru,BLR,Chennai,MAA,True,yatra,DISCOVERED,2026-09-17T07:52:11.050429+00:00
R0116,BLR-NAG,Bengaluru,BLR,Nagpur,NAG,True,yatra,DISCOVERED,2026-09-17T07:52:11.050429+00:00
R0117,BLR-PAT,Bengaluru,BLR,Patna,PAT,True,yatra,DISCOVERED,2026-09-17T07:52:11.050429+00:00
R0118,BLR-PNQ,Bengaluru,BLR,Pune,PNQ,True,yatra,DISCOVERED,2026-09-17T07:52:11.050429+00:00
R0119,BLR-RPR,Bengaluru,BLR,Raipur,RPR,True,yatra,DISCOVERED,2026-09-17T07:52:11.050429+00:00
R0120,BLR-STV,Bengaluru,BLR,Surat,STV,True,yatra,DISCOVERED,2026-09-17T07:52:11.050429+00:00
R0121,BLR-SXR,Bengaluru,BLR,Srinagar,SXR,True,yatra,DISCOVERED,2026-09-17T07:52:11.050429+00:00
R0122,BLR-TRV,Bengaluru,BLR,Thiruvananthapuram,TRV,True,yatra,DISCOVERED,2026-09-17T07:52:11.050429+00:00
R0123,BLR-TRZ,Bengaluru,BLR,Tiruchirappalli,TRZ,True,yatra,DISCOVERED,2026-09-17T07:52:11.050429+00:00
R0124,BLR-UDR,Bengaluru,BLR,Udaipur,UDR,True,yatra,DISCOVERED,2026-09-17T07:52:11.050429+00:00
R0125,BLR-VNS,Bengaluru,BLR,Varanasi,VNS,True,yatra,DISCOVERED,2026-09-17T07:52:11.050429+00:00
R0126,BLR-VTZ,Bengaluru,BLR,Visakhapatnam,VTZ,True,yatra,DISCOVERED,2026-09-17T07:52:11.050429+00:00
R0127,CCU-AMD,Kolkata,CCU,Ahmedabad,AMD,True,yatra,DISCOVERED,2026-09-17T07:52:11.050429+00:00
R0128,CCU-ATQ,Kolkata,CCU,Amritsar,ATQ,True,yatra,DISCOVERED,2026-09-17T07:52:11.050429+00:00
R0129,CCU-BBI,Kolkata,CCU,Bhubaneswar,BBI,True,yatra,DISCOVERED,2026-09-17T07:52:11.050429+00:00
R0130,CCU-BDQ,Kolkata,CCU,Vadodara,BDQ,True,yatra,DISCOVERED,2026-09-17T07:52:11.050429+00:00
R0131,CCU-BLR,Kolkata,CCU,Bengaluru,BLR,True,yatra,DISCOVERED,2026-09-17T07:52:11.050429+00:00
R0132,CCU-BOM,Kolkata,CCU,Mumbai,BOM,True,yatra,DISCOVERED,2026-09-17T07:52:11.050429+00:00
R0133,CCU-CJB,Kolkata,CCU,Coimbatore,CJB,True,yatra,DISCOVERED,2026-09-17T07:52:11.050429+00:00
R0134,CCU-COK,Kolkata,CCU,Kochi,COK,True,yatra,DISCOVERED,2026-09-17T07:52:11.050429+00:00
R0135,CCU-DED,Kolkata,CCU,Dehradun,DED,True,yatra,DISCOVERED,2026-09-17T07:52:11.050429+00:00
R0136,CCU-DEL,Kolkata,CCU,New Delhi,DEL,True,yatra,DISCOVERED,2026-09-17T07:52:11.050429+00:00
R0137,CCU-DHM,Kolkata,CCU,Dharamshala,DHM,True,yatra,DISCOVERED,2026-09-17T07:52:11.050429+00:00
R0138,CCU-DIB,Kolkata,CCU,Dibrugarh,DIB,True,yatra,DISCOVERED,2026-09-17T07:52:11.050429+00:00
R0139,CCU-GAU,Kolkata,CCU,Guwahati,GAU,True,yatra,DISCOVERED,2026-09-17T07:52:11.050429+00:00
R0140,CCU-GOI,Kolkata,CCU,Goa (Dabolim),GOI,True,yatra,DISCOVERED,2026-09-17T07:52:11.050429+00:00
R0141,CCU-GOX,Kolkata,CCU,Goa (Mopa),GOX,True,yatra,DISCOVERED,2026-09-17T07:52:11.050429+00:00
R0142,CCU-GWL,Kolkata,CCU,Gwalior,GWL,True,yatra,DISCOVERED,2026-09-17T07:52:11.050429+00:00
R0143,CCU-HYD,Kolkata,CCU,Hyderabad,HYD,True,yatra,DISCOVERED,2026-09-17T07:52:11.050429+00:00
R0144,CCU-IDR,Kolkata,CCU,Indore,IDR,True,yatra,DISCOVERED,2026-09-17T07:52:11.050429+00:00
R0145,CCU-IMF,Kolkata,CCU,Imphal,IMF,True,yatra,DISCOVERED,2026-09-17T07:52:11.050429+00:00
R0146,CCU-IXA,Kolkata,CCU,Agartala,IXA,True,yatra,DISCOVERED,2026-09-17T07:52:11.050429+00:00
R0147,CCU-IXB,Kolkata,CCU,Bagdogra,IXB,True,yatra,DISCOVERED,2026-09-17T07:52:11.050429+00:00
R0148,CCU-IXC,Kolkata,CCU,Chandigarh,IXC,True,yatra,DISCOVERED,2026-09-17T07:52:11.050429+00:00
R0149,CCU-IXE,Kolkata,CCU,Mangalore,IXE,True,yatra,DISCOVERED,2026-09-17T07:52:11.050429+00:00
R0150,CCU-IXJ,Kolkata,CCU,Jammu,IXJ,True,yatra,DISCOVERED,2026-09-17T07:52:11.050429+00:00
R0151,CCU-IXM,Kolkata,CCU,Madurai,IXM,True,yatra,DISCOVERED,2026-09-17T07:52:11.050429+00:00
R0152,CCU-IXR,Kolkata,CCU,Ranchi,IXR,True,yatra,DISCOVERED,2026-09-17T07:52:11.050429+00:00
R0153,CCU-JAI,Kolkata,CCU,Jaipur,JAI,True,yatra,DISCOVERED,2026-09-17T07:52:11.050429+00:00
R0154,CCU-JDH,Kolkata,CCU,Jodhpur,JDH,True,yatra,DISCOVERED,2026-09-17T07:52:11.050429+00:00
R0155,CCU-KUU,Kolkata,CCU,Kullu,KUU,True,yatra,DISCOVERED,2026-09-17T07:52:11.050429+00:00
R0156,CCU-LKO,Kolkata,CCU,Lucknow,LKO,True,yatra,DISCOVERED,2026-09-17T07:52:11.050429+00:00
R0157,CCU-MAA,Kolkata,CCU,Chennai,MAA,True,yatra,DISCOVERED,2026-09-17T07:52:11.050429+00:00
R0158,CCU-NAG,Kolkata,CCU,Nagpur,NAG,True,yatra,DISCOVERED,2026-09-17T07:52:11.050429+00:00
R0159,CCU-PAT,Kolkata,CCU,Patna,PAT,True,yatra,DISCOVERED,2026-09-17T07:52:11.050429+00:00
R0160,CCU-PNQ,Kolkata,CCU,Pune,PNQ,True,yatra,DISCOVERED,2026-09-17T07:52:11.050429+00:00
R0161,CCU-RPR,Kolkata,CCU,Raipur,RPR,True,yatra,DISCOVERED,2026-09-17T07:52:11.050429+00:00
R0162,CCU-STV,Kolkata,CCU,Surat,STV,True,yatra,DISCOVERED,2026-09-17T07:52:11.050429+00:00
R0163,CCU-SXR,Kolkata,CCU,Srinagar,SXR,True,yatra,DISCOVERED,2026-09-17T07:52:11.050429+00:00
R0164,CCU-TRV,Kolkata,CCU,Thiruvananthapuram,TRV,True,yatra,DISCOVERED,2026-09-17T07:52:11.050429+00:00
R0165,CCU-TRZ,Kolkata,CCU,Tiruchirappalli,TRZ,True,yatra,DISCOVERED,2026-09-17T07:52:11.050429+00:00
R0166,CCU-UDR,Kolkata,CCU,Udaipur,UDR,True,yatra,DISCOVERED,2026-09-17T07:52:11.050429+00:00
R0167,CCU-VNS,Kolkata,CCU,Varanasi,VNS,True,yatra,DISCOVERED,2026-09-17T07:52:11.050429+00:00
R0168,CCU-VTZ,Kolkata,CCU,Visakhapatnam,VTZ,True,yatra,DISCOVERED,2026-09-17T07:52:11.050429+00:00
R0169,HYD-AMD,Hyderabad,HYD,Ahmedabad,AMD,True,yatra,DISCOVERED,2026-09-17T07:52:11.050429+00:00
R0170,HYD-ATQ,Hyderabad,HYD,Amritsar,ATQ,True,yatra,DISCOVERED,2026-09-17T07:52:11.050429+00:00
R0171,HYD-BBI,Hyderabad,HYD,Bhubaneswar,BBI,True,yatra,DISCOVERED,2026-09-17T07:52:11.050429+00:00
R0172,HYD-BDQ,Hyderabad,HYD,Vadodara,BDQ,True,yatra,DISCOVERED,2026-09-17T07:52:11.050429+00:00
R0173,HYD-BLR,Hyderabad,HYD,Bengaluru,BLR,True,yatra,DISCOVERED,2026-09-17T07:52:11.050429+00:00
R0174,HYD-BOM,Hyderabad,HYD,Mumbai,BOM,True,yatra,DISCOVERED,2026-09-17T07:52:11.050429+00:00
R0175,HYD-CCU,Hyderabad,HYD,Kolkata,CCU,True,yatra,DISCOVERED,2026-09-17T07:52:11.050429+00:00
R0176,HYD-CJB,Hyderabad,HYD,Coimbatore,CJB,True,yatra,DISCOVERED,2026-09-17T07:52:11.050429+00:00
R0177,HYD-COK,Hyderabad,HYD,Kochi,COK,True,yatra,DISCOVERED,2026-09-17T07:52:11.050429+00:00
R0178,HYD-DED,Hyderabad,HYD,Dehradun,DED,True,yatra,DISCOVERED,2026-09-17T07:52:11.050429+00:00
R0179,HYD-DEL,Hyderabad,HYD,New Delhi,DEL,True,yatra,DISCOVERED,2026-09-17T07:52:11.050429+00:00
R0180,HYD-DHM,Hyderabad,HYD,Dharamshala,DHM,True,yatra,DISCOVERED,2026-09-17T07:52:11.050429+00:00
R0181,HYD-DIB,Hyderabad,HYD,Dibrugarh,DIB,True,yatra,DISCOVERED,2026-09-17T07:52:11.050429+00:00
R0182,HYD-GAU,Hyderabad,HYD,Guwahati,GAU,True,yatra,DISCOVERED,2026-09-17T07:52:11.050429+00:00
R0183,HYD-GOI,Hyderabad,HYD,Goa (Dabolim),GOI,True,yatra,DISCOVERED,2026-09-17T07:52:11.050429+00:00
R0184,HYD-GOX,Hyderabad,HYD,Goa (Mopa),GOX,True,yatra,DISCOVERED,2026-09-17T07:52:11.050429+00:00
R0185,HYD-GWL,Hyderabad,HYD,Gwalior,GWL,True,yatra,DISCOVERED,2026-09-17T07:52:11.050429+00:00
R0186,HYD-IDR,Hyderabad,HYD,Indore,IDR,True,yatra,DISCOVERED,2026-09-17T07:52:11.050429+00:00
R0187,HYD-IMF,Hyderabad,HYD,Imphal,IMF,True,yatra,DISCOVERED,2026-09-17T07:52:11.050429+00:00
R0188,HYD-IXA,Hyderabad,HYD,Agartala,IXA,True,yatra,DISCOVERED,2026-09-17T07:52:11.050429+00:00
R0189,HYD-IXB,Hyderabad,HYD,Bagdogra,IXB,True,yatra,DISCOVERED,2026-09-17T07:52:11.050429+00:00
R0190,HYD-IXC,Hyderabad,HYD,Chandigarh,IXC,True,yatra,DISCOVERED,2026-09-17T07:52:11.050429+00:00
R0191,HYD-IXE,Hyderabad,HYD,Mangalore,IXE,True,yatra,DISCOVERED,2026-09-17T07:52:11.050429+00:00
R0192,HYD-IXJ,Hyderabad,HYD,Jammu,IXJ,True,yatra,DISCOVERED,2026-09-17T07:52:11.050429+00:00
R0193,HYD-IXM,Hyderabad,HYD,Madurai,IXM,True,yatra,DISCOVERED,2026-09-17T07:52:11.050429+00:00
R0194,HYD-IXR,Hyderabad,HYD,Ranchi,IXR,True,yatra,DISCOVERED,2026-09-17T07:52:11.050429+00:00
R0195,HYD-JAI,Hyderabad,HYD,Jaipur,JAI,True,yatra,DISCOVERED,2026-09-17T07:52:11.050429+00:00
R0196,HYD-JDH,Hyderabad,HYD,Jodhpur,JDH,True,yatra,DISCOVERED,2026-09-17T07:52:11.050429+00:00
R0197,HYD-KUU,Hyderabad,HYD,Kullu,KUU,True,yatra,DISCOVERED,2026-09-17T07:52:11.050429+00:00
R0198,HYD-LKO,Hyderabad,HYD,Lucknow,LKO,True,yatra,DISCOVERED,2026-09-17T07:52:11.050429+00:00
R0199,HYD-MAA,Hyderabad,HYD,Chennai,MAA,True,yatra,DISCOVERED,2026-09-17T07:52:11.050429+00:00
R0200,HYD-NAG,Hyderabad,HYD,Nagpur,NAG,True,yatra,DISCOVERED,2026-09-17T07:52:11.050429+00:00
R0201,HYD-PAT,Hyderabad,HYD,Patna,PAT,True,yatra,DISCOVERED,2026-09-17T07:52:11.050429+00:00
R0202,HYD-PNQ,Hyderabad,HYD,Pune,PNQ,True,yatra,DISCOVERED,2026-09-17T07:52:11.050429+00:00
R0203,HYD-RPR,Hyderabad,HYD,Raipur,RPR,True,yatra,DISCOVERED,2026-09-17T07:52:11.050429+00:00
R0204,HYD-STV,Hyderabad,HYD,Surat,STV,True,yatra,DISCOVERED,2026-09-17T07:52:11.050429+00:00
R0205,HYD-SXR,Hyderabad,HYD,Srinagar,SXR,True,yatra,DISCOVERED,2026-09-17T07:52:11.050429+00:00
R0206,HYD-TRV,Hyderabad,HYD,Thiruvananthapuram,TRV,True,yatra,DISCOVERED,2026-09-17T07:52:11.050429+00:00
R0207,HYD-TRZ,Hyderabad,HYD,Tiruchirappalli,TRZ,True,yatra,DISCOVERED,2026-09-17T07:52:11.050429+00:00
R0208,HYD-UDR,Hyderabad,HYD,Udaipur,UDR,True,yatra,DISCOVERED,2026-09-17T07:52:11.050429+00:00
R0209,HYD-VNS,Hyderabad,HYD,Varanasi,VNS,True,yatra,DISCOVERED,2026-09-17T07:52:11.050429+00:00
R0210,HYD-VTZ,Hyderabad,HYD,Visakhapatnam,VTZ,True,yatra,DISCOVERED,2026-09-17T07:52:11.050429+00:00
R0211,MAA-AMD,Chennai,MAA,Ahmedabad,AMD,True,yatra,DISCOVERED,2026-09-17T07:52:11.050429+00:00
R0212,MAA-ATQ,Chennai,MAA,Amritsar,ATQ,True,yatra,DISCOVERED,2026-09-17T07:52:11.050429+00:00
R0213,MAA-BBI,Chennai,MAA,Bhubaneswar,BBI,True,yatra,DISCOVERED,2026-09-17T07:52:11.050429+00:00
R0214,MAA-BDQ,Chennai,MAA,Vadodara,BDQ,True,yatra,DISCOVERED,2026-09-17T07:52:11.050429+00:00
R0215,MAA-BLR,Chennai,MAA,Bengaluru,BLR,True,yatra,DISCOVERED,2026-09-17T07:52:11.050429+00:00
R0216,MAA-BOM,Chennai,MAA,Mumbai,BOM,True,yatra,DISCOVERED,2026-09-17T07:52:11.050429+00:00
R0217,MAA-CCU,Chennai,MAA,Kolkata,CCU,True,yatra,DISCOVERED,2026-09-17T07:52:11.050429+00:00
R0218,MAA-CJB,Chennai,MAA,Coimbatore,CJB,True,yatra,DISCOVERED,2026-09-17T07:52:11.050429+00:00
R0219,MAA-COK,Chennai,MAA,Kochi,COK,True,yatra,DISCOVERED,2026-09-17T07:52:11.050429+00:00
R0220,MAA-DED,Chennai,MAA,Dehradun,DED,True,yatra,DISCOVERED,2026-09-17T07:52:11.050429+00:00
R0221,MAA-DEL,Chennai,MAA,New Delhi,DEL,True,yatra,REF_SIH,2026-09-17T07:52:11.050429+00:00
R0222,MAA-DHM,Chennai,MAA,Dharamshala,DHM,True,yatra,DISCOVERED,2026-09-17T07:52:11.050429+00:00
R0223,MAA-DIB,Chennai,MAA,Dibrugarh,DIB,True,yatra,DISCOVERED,2026-09-17T07:52:11.050429+00:00
R0224,MAA-GAU,Chennai,MAA,Guwahati,GAU,True,yatra,DISCOVERED,2026-09-17T07:52:11.050429+00:00
R0225,MAA-GOI,Chennai,MAA,Goa (Dabolim),GOI,True,yatra,DISCOVERED,2026-09-17T07:52:11.050429+00:00
R0226,MAA-GOX,Chennai,MAA,Goa (Mopa),GOX,True,yatra,DISCOVERED,2026-09-17T07:52:11.050429+00:00
R0227,MAA-GWL,Chennai,MAA,Gwalior,GWL,True,yatra,DISCOVERED,2026-09-17T07:52:11.050429+00:00
R0228,MAA-HYD,Chennai,MAA,Hyderabad,HYD,True,yatra,DISCOVERED,2026-09-17T07:52:11.050429+00:00
R0229,MAA-IDR,Chennai,MAA,Indore,IDR,True,yatra,DISCOVERED,2026-09-17T07:52:11.050429+00:00
R0230,MAA-IMF,Chennai,MAA,Imphal,IMF,True,yatra,DISCOVERED,2026-09-17T07:52:11.050429+00:00
R0231,MAA-IXA,Chennai,MAA,Agartala,IXA,True,yatra,DISCOVERED,2026-09-17T07:52:11.050429+00:00
R0232,MAA-IXB,Chennai,MAA,Bagdogra,IXB,True,yatra,DISCOVERED,2026-09-17T07:52:11.050429+00:00
R0233,MAA-IXC,Chennai,MAA,Chandigarh,IXC,True,yatra,DISCOVERED,2026-09-17T07:52:11.050429+00:00
R0234,MAA-IXE,Chennai,MAA,Mangalore,IXE,True,yatra,DISCOVERED,2026-09-17T07:52:11.050429+00:00
R0235,MAA-IXJ,Chennai,MAA,Jammu,IXJ,True,yatra,DISCOVERED,2026-09-17T07:52:11.050429+00:00
R0236,MAA-IXM,Chennai,MAA,Madurai,IXM,True,yatra,DISCOVERED,2026-09-17T07:52:11.050429+00:00
R0237,MAA-IXR,Chennai,MAA,Ranchi,IXR,True,yatra,DISCOVERED,2026-09-17T07:52:11.050429+00:00
R0238,MAA-JAI,Chennai,MAA,Jaipur,JAI,True,yatra,DISCOVERED,2026-09-17T07:52:11.050429+00:00
R0239,MAA-JDH,Chennai,MAA,Jodhpur,JDH,True,yatra,DISCOVERED,2026-09-17T07:52:11.050429+00:00
R0240,MAA-KUU,Chennai,MAA,Kullu,KUU,True,yatra,DISCOVERED,2026-09-17T07:52:11.050429+00:00
R0241,MAA-LKO,Chennai,MAA,Lucknow,LKO,True,yatra,DISCOVERED,2026-09-17T07:52:11.050429+00:00
R0242,MAA-NAG,Chennai,MAA,Nagpur,NAG,True,yatra,DISCOVERED,2026-09-17T07:52:11.050429+00:00
R0243,MAA-PAT,Chennai,MAA,Patna,PAT,True,yatra,DISCOVERED,2026-09-17T07:52:11.050429+00:00
R0244,MAA-PNQ,Chennai,MAA,Pune,PNQ,True,yatra,DISCOVERED,2026-09-17T07:52:11.050429+00:00
R0245,MAA-RPR,Chennai,MAA,Raipur,RPR,True,yatra,DISCOVERED,2026-09-17T07:52:11.050429+00:00
R0246,MAA-STV,Chennai,MAA,Surat,STV,True,yatra,DISCOVERED,2026-09-17T07:52:11.050429+00:00
R0247,MAA-SXR,Chennai,MAA,Srinagar,SXR,True,yatra,DISCOVERED,2026-09-17T07:52:11.050429+00:00
R0248,MAA-TRV,Chennai,MAA,Thiruvananthapuram,TRV,True,yatra,DISCOVERED,2026-09-17T07:52:11.050429+00:00
R0249,MAA-TRZ,Chennai,MAA,Tiruchirappalli,TRZ,True,yatra,DISCOVERED,2026-09-17T07:52:11.050429+00:00
R0250,MAA-UDR,Chennai,MAA,Udaipur,UDR,True,yatra,DISCOVERED,2026-09-17T07:52:11.050429+00:00
R0251,MAA-VNS,Chennai,MAA,Varanasi,VNS,True,yatra,DISCOVERED,2026-09-17T07:52:11.050429+00:00
R0252,MAA-VTZ,Chennai,MAA,Visakhapatnam,VTZ,True,yatra,DISCOVERED,2026-09-17T07:52:11.050429+00:00
R0253,AMD-ATQ,Ahmedabad,AMD,Amritsar,ATQ,True,yatra,DISCOVERED,2026-09-17T07:52:11.050429+00:00
R0254,AMD-BBI,Ahmedabad,AMD,Bhubaneswar,BBI,True,yatra,DISCOVERED,2026-09-17T07:52:11.050429+00:00
R0255,AMD-BDQ,Ahmedabad,AMD,Vadodara,BDQ,True,yatra,DISCOVERED,2026-09-17T07:52:11.050429+00:00
R0256,AMD-BLR,Ahmedabad,AMD,Bengaluru,BLR,True,yatra,DISCOVERED,2026-09-17T07:52:11.050429+00:00
R0257,AMD-BOM,Ahmedabad,AMD,Mumbai,BOM,True,yatra,DISCOVERED,2026-09-17T07:52:11.050429+00:00
R0258,AMD-CCU,Ahmedabad,AMD,Kolkata,CCU,True,yatra,DISCOVERED,2026-09-17T07:52:11.050429+00:00
R0259,AMD-CJB,Ahmedabad,AMD,Coimbatore,CJB,True,yatra,DISCOVERED,2026-09-17T07:52:11.050429+00:00
R0260,AMD-COK,Ahmedabad,AMD,Kochi,COK,True,yatra,DISCOVERED,2026-09-17T07:52:11.050429+00:00
R0261,AMD-DED,Ahmedabad,AMD,Dehradun,DED,True,yatra,DISCOVERED,2026-09-17T07:52:11.050429+00:00
R0262,AMD-DEL,Ahmedabad,AMD,New Delhi,DEL,True,yatra,DISCOVERED,2026-09-17T07:52:11.050429+00:00
R0263,AMD-DHM,Ahmedabad,AMD,Dharamshala,DHM,True,yatra,DISCOVERED,2026-09-17T07:52:11.050429+00:00
R0264,AMD-DIB,Ahmedabad,AMD,Dibrugarh,DIB,True,yatra,DISCOVERED,2026-09-17T07:52:11.050429+00:00
R0265,AMD-GAU,Ahmedabad,AMD,Guwahati,GAU,True,yatra,DISCOVERED,2026-09-17T07:52:11.050429+00:00
R0266,AMD-GOI,Ahmedabad,AMD,Goa (Dabolim),GOI,True,yatra,DISCOVERED,2026-09-17T07:52:11.050429+00:00
R0267,AMD-GOX,Ahmedabad,AMD,Goa (Mopa),GOX,True,yatra,DISCOVERED,2026-09-17T07:52:11.050429+00:00
R0268,AMD-GWL,Ahmedabad,AMD,Gwalior,GWL,True,yatra,DISCOVERED,2026-09-17T07:52:11.050429+00:00
R0269,AMD-HYD,Ahmedabad,AMD,Hyderabad,HYD,True,yatra,DISCOVERED,2026-09-17T07:52:11.050429+00:00
R0270,AMD-IDR,Ahmedabad,AMD,Indore,IDR,True,yatra,DISCOVERED,2026-09-17T07:52:11.050429+00:00
R0271,AMD-IMF,Ahmedabad,AMD,Imphal,IMF,True,yatra,DISCOVERED,2026-09-17T07:52:11.050429+00:00
R0272,AMD-IXA,Ahmedabad,AMD,Agartala,IXA,True,yatra,DISCOVERED,2026-09-17T07:52:11.050429+00:00
R0273,AMD-IXB,Ahmedabad,AMD,Bagdogra,IXB,True,yatra,DISCOVERED,2026-09-17T07:52:11.050429+00:00
R0274,AMD-IXC,Ahmedabad,AMD,Chandigarh,IXC,True,yatra,DISCOVERED,2026-09-17T07:52:11.050429+00:00
R0275,AMD-IXE,Ahmedabad,AMD,Mangalore,IXE,True,yatra,DISCOVERED,2026-09-17T07:52:11.050429+00:00
R0276,AMD-IXJ,Ahmedabad,AMD,Jammu,IXJ,True,yatra,DISCOVERED,2026-09-17T07:52:11.050429+00:00
R0277,AMD-IXM,Ahmedabad,AMD,Madurai,IXM,True,yatra,DISCOVERED,2026-09-17T07:52:11.050429+00:00
R0278,AMD-IXR,Ahmedabad,AMD,Ranchi,IXR,True,yatra,DISCOVERED,2026-09-17T07:52:11.050429+00:00
R0279,AMD-JAI,Ahmedabad,AMD,Jaipur,JAI,True,yatra,DISCOVERED,2026-09-17T07:52:11.050429+00:00
R0280,AMD-JDH,Ahmedabad,AMD,Jodhpur,JDH,True,yatra,DISCOVERED,2026-09-17T07:52:11.050429+00:00
R0281,AMD-KUU,Ahmedabad,AMD,Kullu,KUU,True,yatra,DISCOVERED,2026-09-17T07:52:11.050429+00:00
R0282,AMD-LKO,Ahmedabad,AMD,Lucknow,LKO,True,yatra,DISCOVERED,2026-09-17T07:52:11.050429+00:00
R0283,AMD-MAA,Ahmedabad,AMD,Chennai,MAA,True,yatra,DISCOVERED,2026-09-17T07:52:11.050429+00:00
R0284,AMD-NAG,Ahmedabad,AMD,Nagpur,NAG,True,yatra,DISCOVERED,2026-09-17T07:52:11.050429+00:00
R0285,AMD-PAT,Ahmedabad,AMD,Patna,PAT,True,yatra,DISCOVERED,2026-09-17T07:52:11.050429+00:00
R0286,AMD-PNQ,Ahmedabad,AMD,Pune,PNQ,True,yatra,DISCOVERED,2026-09-17T07:52:11.050429+00:00
R0287,AMD-RPR,Ahmedabad,AMD,Raipur,RPR,True,yatra,DISCOVERED,2026-09-17T07:52:11.050429+00:00
R0288,AMD-STV,Ahmedabad,AMD,Surat,STV,True,yatra,DISCOVERED,2026-09-17T07:52:11.050429+00:00
R0289,AMD-SXR,Ahmedabad,AMD,Srinagar,SXR,True,yatra,DISCOVERED,2026-09-17T07:52:11.050429+00:00
R0290,AMD-TRV,Ahmedabad,AMD,Thiruvananthapuram,TRV,True,yatra,DISCOVERED,2026-09-17T07:52:11.050429+00:00
R0291,AMD-TRZ,Ahmedabad,AMD,Tiruchirappalli,TRZ,True,yatra,DISCOVERED,2026-09-17T07:52:11.050429+00:00
R0292,AMD-UDR,Ahmedabad,AMD,Udaipur,UDR,True,yatra,DISCOVERED,2026-09-17T07:52:11.050429+00:00
R0293,AMD-VNS,Ahmedabad,AMD,Varanasi,VNS,True,yatra,DISCOVERED,2026-09-17T07:52:11.050429+00:00
R0294,AMD-VTZ,Ahmedabad,AMD,Visakhapatnam,VTZ,True,yatra,DISCOVERED,2026-09-17T07:52:11.050429+00:00
R0295,PNQ-AMD,Pune,PNQ,Ahmedabad,AMD,True,yatra,DISCOVERED,2026-09-17T07:52:11.050429+00:00
R0296,PNQ-ATQ,Pune,PNQ,Amritsar,ATQ,True,yatra,DISCOVERED,2026-09-17T07:52:11.050429+00:00
R0297,PNQ-BBI,Pune,PNQ,Bhubaneswar,BBI,True,yatra,DISCOVERED,2026-09-17T07:52:11.050429+00:00
R0298,PNQ-BDQ,Pune,PNQ,Vadodara,BDQ,True,yatra,DISCOVERED,2026-09-17T07:52:11.050429+00:00
R0299,PNQ-BLR,Pune,PNQ,Bengaluru,BLR,True,yatra,DISCOVERED,2026-09-17T07:52:11.050429+00:00
R0300,PNQ-BOM,Pune,PNQ,Mumbai,BOM,True,yatra,DISCOVERED,2026-09-17T07:52:11.050429+00:00
R0301,PNQ-CCU,Pune,PNQ,Kolkata,CCU,True,yatra,DISCOVERED,2026-09-17T07:52:11.050429+00:00
R0302,PNQ-CJB,Pune,PNQ,Coimbatore,CJB,True,yatra,DISCOVERED,2026-09-17T07:52:11.050429+00:00
R0303,PNQ-COK,Pune,PNQ,Kochi,COK,True,yatra,DISCOVERED,2026-09-17T07:52:11.050429+00:00
R0304,PNQ-DED,Pune,PNQ,Dehradun,DED,True,yatra,DISCOVERED,2026-09-17T07:52:11.050429+00:00
R0305,PNQ-DEL,Pune,PNQ,New Delhi,DEL,True,yatra,DISCOVERED,2026-09-17T07:52:11.050429+00:00
R0306,PNQ-DHM,Pune,PNQ,Dharamshala,DHM,True,yatra,DISCOVERED,2026-09-17T07:52:11.050429+00:00
R0307,PNQ-DIB,Pune,PNQ,Dibrugarh,DIB,True,yatra,DISCOVERED,2026-09-17T07:52:11.050429+00:00
R0308,PNQ-GAU,Pune,PNQ,Guwahati,GAU,True,yatra,DISCOVERED,2026-09-17T07:52:11.050429+00:00
R0309,PNQ-GOI,Pune,PNQ,Goa (Dabolim),GOI,True,yatra,DISCOVERED,2026-09-17T07:52:11.050429+00:00
R0310,PNQ-GOX,Pune,PNQ,Goa (Mopa),GOX,True,yatra,DISCOVERED,2026-09-17T07:52:11.050429+00:00
R0311,PNQ-GWL,Pune,PNQ,Gwalior,GWL,True,yatra,DISCOVERED,2026-09-17T07:52:11.050429+00:00
R0312,PNQ-HYD,Pune,PNQ,Hyderabad,HYD,True,yatra,DISCOVERED,2026-09-17T07:52:11.050429+00:00
R0313,PNQ-IDR,Pune,PNQ,Indore,IDR,True,yatra,DISCOVERED,2026-09-17T07:52:11.050429+00:00
R0314,PNQ-IMF,Pune,PNQ,Imphal,IMF,True,yatra,DISCOVERED,2026-09-17T07:52:11.050429+00:00
R0315,PNQ-IXA,Pune,PNQ,Agartala,IXA,True,yatra,DISCOVERED,2026-09-17T07:52:11.050429+00:00
R0316,PNQ-IXB,Pune,PNQ,Bagdogra,IXB,True,yatra,DISCOVERED,2026-09-17T07:52:11.050429+00:00
R0317,PNQ-IXC,Pune,PNQ,Chandigarh,IXC,True,yatra,DISCOVERED,2026-09-17T07:52:11.050429+00:00
R0318,PNQ-IXE,Pune,PNQ,Mangalore,IXE,True,yatra,DISCOVERED,2026-09-17T07:52:11.050429+00:00
R0319,PNQ-IXJ,Pune,PNQ,Jammu,IXJ,True,yatra,DISCOVERED,2026-09-17T07:52:11.050429+00:00
R0320,PNQ-IXM,Pune,PNQ,Madurai,IXM,True,yatra,DISCOVERED,2026-09-17T07:52:11.050429+00:00
R0321,PNQ-IXR,Pune,PNQ,Ranchi,IXR,True,yatra,DISCOVERED,2026-09-17T07:52:11.050429+00:00
R0322,PNQ-JAI,Pune,PNQ,Jaipur,JAI,True,yatra,DISCOVERED,2026-09-17T07:52:11.050429+00:00
R0323,PNQ-JDH,Pune,PNQ,Jodhpur,JDH,True,yatra,DISCOVERED,2026-09-17T07:52:11.050429+00:00
R0324,PNQ-KUU,Pune,PNQ,Kullu,KUU,True,yatra,DISCOVERED,2026-09-17T07:52:11.050429+00:00
R0325,PNQ-LKO,Pune,PNQ,Lucknow,LKO,True,yatra,DISCOVERED,2026-09-17T07:52:11.050429+00:00
R0326,PNQ-MAA,Pune,PNQ,Chennai,MAA,True,yatra,DISCOVERED,2026-09-17T07:52:11.050429+00:00
R0327,PNQ-NAG,Pune,PNQ,Nagpur,NAG,True,yatra,DISCOVERED,2026-09-17T07:52:11.050429+00:00
R0328,PNQ-PAT,Pune,PNQ,Patna,PAT,True,yatra,DISCOVERED,2026-09-17T07:52:11.050429+00:00
R0329,PNQ-RPR,Pune,PNQ,Raipur,RPR,True,yatra,DISCOVERED,2026-09-17T07:52:11.050429+00:00
R0330,PNQ-STV,Pune,PNQ,Surat,STV,True,yatra,DISCOVERED,2026-09-17T07:52:11.050429+00:00
R0331,PNQ-SXR,Pune,PNQ,Srinagar,SXR,True,yatra,DISCOVERED,2026-09-17T07:52:11.050429+00:00
R0332,PNQ-TRV,Pune,PNQ,Thiruvananthapuram,TRV,True,yatra,DISCOVERED,2026-09-17T07:52:11.050429+00:00
R0333,PNQ-TRZ,Pune,PNQ,Tiruchirappalli,TRZ,True,yatra,DISCOVERED,2026-09-17T07:52:11.050429+00:00
R0334,PNQ-UDR,Pune,PNQ,Udaipur,UDR,True,yatra,DISCOVERED,2026-09-17T07:52:11.050429+00:00
R0335,PNQ-VNS,Pune,PNQ,Varanasi,VNS,True,yatra,DISCOVERED,2026-09-17T07:52:11.050429+00:00
R0336,PNQ-VTZ,Pune,PNQ,Visakhapatnam,VTZ,True,yatra,DISCOVERED,2026-09-17T07:52:11.050429+00:00
R0337,GOI-AMD,Goa (Dabolim),GOI,Ahmedabad,AMD,True,yatra,DISCOVERED,2026-09-17T07:52:11.050429+00:00
R0338,GOI-ATQ,Goa (Dabolim),GOI,Amritsar,ATQ,True,yatra,DISCOVERED,2026-09-17T07:52:11.050429+00:00
R0339,GOI-BBI,Goa (Dabolim),GOI,Bhubaneswar,BBI,True,yatra,DISCOVERED,2026-09-17T07:52:11.050429+00:00
R0340,GOI-BDQ,Goa (Dabolim),GOI,Vadodara,BDQ,True,yatra,DISCOVERED,2026-09-17T07:52:11.050429+00:00
R0341,GOI-BLR,Goa (Dabolim),GOI,Bengaluru,BLR,True,yatra,DISCOVERED,2026-09-17T07:52:11.050429+00:00
R0342,GOI-BOM,Goa (Dabolim),GOI,Mumbai,BOM,True,yatra,DISCOVERED,2026-09-17T07:52:11.050429+00:00
R0343,GOI-CCU,Goa (Dabolim),GOI,Kolkata,CCU,True,yatra,DISCOVERED,2026-09-17T07:52:11.050429+00:00
R0344,GOI-CJB,Goa (Dabolim),GOI,Coimbatore,CJB,True,yatra,DISCOVERED,2026-09-17T07:52:11.050429+00:00
R0345,GOI-COK,Goa (Dabolim),GOI,Kochi,COK,True,yatra,DISCOVERED,2026-09-17T07:52:11.050429+00:00
R0346,GOI-DED,Goa (Dabolim),GOI,Dehradun,DED,True,yatra,DISCOVERED,2026-09-17T07:52:11.050429+00:00
R0347,GOI-DEL,Goa (Dabolim),GOI,New Delhi,DEL,True,yatra,DISCOVERED,2026-09-17T07:52:11.050429+00:00
R0348,GOI-DHM,Goa (Dabolim),GOI,Dharamshala,DHM,True,yatra,DISCOVERED,2026-09-17T07:52:11.050429+00:00
R0349,GOI-DIB,Goa (Dabolim),GOI,Dibrugarh,DIB,True,yatra,DISCOVERED,2026-09-17T07:52:11.050429+00:00
R0350,GOI-GAU,Goa (Dabolim),GOI,Guwahati,GAU,True,yatra,DISCOVERED,2026-09-17T07:52:11.050429+00:00
R0351,GOI-GOX,Goa (Dabolim),GOI,Goa (Mopa),GOX,True,yatra,DISCOVERED,2026-09-17T07:52:11.050429+00:00
R0352,GOI-GWL,Goa (Dabolim),GOI,Gwalior,GWL,True,yatra,DISCOVERED,2026-09-17T07:52:11.050429+00:00
R0353,GOI-HYD,Goa (Dabolim),GOI,Hyderabad,HYD,True,yatra,DISCOVERED,2026-09-17T07:52:11.050429+00:00
R0354,GOI-IDR,Goa (Dabolim),GOI,Indore,IDR,True,yatra,DISCOVERED,2026-09-17T07:52:11.050429+00:00
R0355,GOI-IMF,Goa (Dabolim),GOI,Imphal,IMF,True,yatra,DISCOVERED,2026-09-17T07:52:11.050429+00:00
R0356,GOI-IXA,Goa (Dabolim),GOI,Agartala,IXA,True,yatra,DISCOVERED,2026-09-17T07:52:11.050429+00:00
R0357,GOI-IXB,Goa (Dabolim),GOI,Bagdogra,IXB,True,yatra,DISCOVERED,2026-09-17T07:52:11.050429+00:00
R0358,GOI-IXC,Goa (Dabolim),GOI,Chandigarh,IXC,True,yatra,DISCOVERED,2026-09-17T07:52:11.050429+00:00
R0359,GOI-IXE,Goa (Dabolim),GOI,Mangalore,IXE,True,yatra,DISCOVERED,2026-09-17T07:52:11.050429+00:00
R0360,GOI-IXJ,Goa (Dabolim),GOI,Jammu,IXJ,True,yatra,DISCOVERED,2026-09-17T07:52:11.050429+00:00
R0361,GOI-IXM,Goa (Dabolim),GOI,Madurai,IXM,True,yatra,DISCOVERED,2026-09-17T07:52:11.050429+00:00
R0362,GOI-IXR,Goa (Dabolim),GOI,Ranchi,IXR,True,yatra,DISCOVERED,2026-09-17T07:52:11.050429+00:00
R0363,GOI-JAI,Goa (Dabolim),GOI,Jaipur,JAI,True,yatra,DISCOVERED,2026-09-17T07:52:11.050429+00:00
R0364,GOI-JDH,Goa (Dabolim),GOI,Jodhpur,JDH,True,yatra,DISCOVERED,2026-09-17T07:52:11.050429+00:00
R0365,GOI-KUU,Goa (Dabolim),GOI,Kullu,KUU,True,yatra,DISCOVERED,2026-09-17T07:52:11.050429+00:00
R0366,GOI-LKO,Goa (Dabolim),GOI,Lucknow,LKO,True,yatra,DISCOVERED,2026-09-17T07:52:11.050429+00:00
R0367,GOI-MAA,Goa (Dabolim),GOI,Chennai,MAA,True,yatra,DISCOVERED,2026-09-17T07:52:11.050429+00:00
R0368,GOI-NAG,Goa (Dabolim),GOI,Nagpur,NAG,True,yatra,DISCOVERED,2026-09-17T07:52:11.050429+00:00
R0369,GOI-PAT,Goa (Dabolim),GOI,Patna,PAT,True,yatra,DISCOVERED,2026-09-17T07:52:11.050429+00:00
R0370,GOI-PNQ,Goa (Dabolim),GOI,Pune,PNQ,True,yatra,DISCOVERED,2026-09-17T07:52:11.050429+00:00
R0371,GOI-RPR,Goa (Dabolim),GOI,Raipur,RPR,True,yatra,DISCOVERED,2026-09-17T07:52:11.050429+00:00
R0372,GOI-STV,Goa (Dabolim),GOI,Surat,STV,True,yatra,DISCOVERED,2026-09-17T07:52:11.050429+00:00
R0373,GOI-SXR,Goa (Dabolim),GOI,Srinagar,SXR,True,yatra,DISCOVERED,2026-09-17T07:52:11.050429+00:00
R0374,GOI-TRV,Goa (Dabolim),GOI,Thiruvananthapuram,TRV,True,yatra,DISCOVERED,2026-09-17T07:52:11.050429+00:00
R0375,GOI-TRZ,Goa (Dabolim),GOI,Tiruchirappalli,TRZ,True,yatra,DISCOVERED,2026-09-17T07:52:11.050429+00:00
R0376,GOI-UDR,Goa (Dabolim),GOI,Udaipur,UDR,True,yatra,DISCOVERED,2026-09-17T07:52:11.050429+00:00
R0377,GOI-VNS,Goa (Dabolim),GOI,Varanasi,VNS,True,yatra,DISCOVERED,2026-09-17T07:52:11.050429+00:00
R0378,GOI-VTZ,Goa (Dabolim),GOI,Visakhapatnam,VTZ,True,yatra,DISCOVERED,2026-09-17T07:52:11.050429+00:00
R0379,COK-AMD,Kochi,COK,Ahmedabad,AMD,True,yatra,DISCOVERED,2026-09-17T07:52:11.050429+00:00
R0380,COK-ATQ,Kochi,COK,Amritsar,ATQ,True,yatra,DISCOVERED,2026-09-17T07:52:11.050429+00:00
R0381,COK-BBI,Kochi,COK,Bhubaneswar,BBI,True,yatra,DISCOVERED,2026-09-17T07:52:11.050429+00:00
R0382,COK-BDQ,Kochi,COK,Vadodara,BDQ,True,yatra,DISCOVERED,2026-09-17T07:52:11.050429+00:00
R0383,COK-BLR,Kochi,COK,Bengaluru,BLR,True,yatra,DISCOVERED,2026-09-17T07:52:11.050429+00:00
R0384,COK-BOM,Kochi,COK,Mumbai,BOM,True,yatra,DISCOVERED,2026-09-17T07:52:11.050429+00:00
R0385,COK-CCU,Kochi,COK,Kolkata,CCU,True,yatra,DISCOVERED,2026-09-17T07:52:11.050429+00:00
R0386,COK-CJB,Kochi,COK,Coimbatore,CJB,True,yatra,DISCOVERED,2026-09-17T07:52:11.050429+00:00
R0387,COK-DED,Kochi,COK,Dehradun,DED,True,yatra,DISCOVERED,2026-09-17T07:52:11.050429+00:00
R0388,COK-DEL,Kochi,COK,New Delhi,DEL,True,yatra,DISCOVERED,2026-09-17T07:52:11.050429+00:00
R0389,COK-DHM,Kochi,COK,Dharamshala,DHM,True,yatra,DISCOVERED,2026-09-17T07:52:11.050429+00:00
R0390,COK-DIB,Kochi,COK,Dibrugarh,DIB,True,yatra,DISCOVERED,2026-09-17T07:52:11.050429+00:00
R0391,COK-GAU,Kochi,COK,Guwahati,GAU,True,yatra,DISCOVERED,2026-09-17T07:52:11.050429+00:00
R0392,COK-GOI,Kochi,COK,Goa (Dabolim),GOI,True,yatra,DISCOVERED,2026-09-17T07:52:11.050429+00:00
R0393,COK-GOX,Kochi,COK,Goa (Mopa),GOX,True,yatra,DISCOVERED,2026-09-17T07:52:11.050429+00:00
R0394,COK-GWL,Kochi,COK,Gwalior,GWL,True,yatra,DISCOVERED,2026-09-17T07:52:11.050429+00:00
R0395,COK-HYD,Kochi,COK,Hyderabad,HYD,True,yatra,DISCOVERED,2026-09-17T07:52:11.050429+00:00
R0396,COK-IDR,Kochi,COK,Indore,IDR,True,yatra,DISCOVERED,2026-09-17T07:52:11.050429+00:00
R0397,COK-IMF,Kochi,COK,Imphal,IMF,True,yatra,DISCOVERED,2026-09-17T07:52:11.050429+00:00
R0398,COK-IXA,Kochi,COK,Agartala,IXA,True,yatra,DISCOVERED,2026-09-17T07:52:11.050429+00:00
R0399,COK-IXB,Kochi,COK,Bagdogra,IXB,True,yatra,DISCOVERED,2026-09-17T07:52:11.050429+00:00
R0400,COK-IXC,Kochi,COK,Chandigarh,IXC,True,yatra,DISCOVERED,2026-09-17T07:52:11.050429+00:00
R0401,COK-IXE,Kochi,COK,Mangalore,IXE,True,yatra,DISCOVERED,2026-09-17T07:52:11.050429+00:00
R0402,COK-IXJ,Kochi,COK,Jammu,IXJ,True,yatra,DISCOVERED,2026-09-17T07:52:11.050429+00:00
R0403,COK-IXM,Kochi,COK,Madurai,IXM,True,yatra,DISCOVERED,2026-09-17T07:52:11.050429+00:00
R0404,COK-IXR,Kochi,COK,Ranchi,IXR,True,yatra,DISCOVERED,2026-09-17T07:52:11.050429+00:00
R0405,COK-JAI,Kochi,COK,Jaipur,JAI,True,yatra,DISCOVERED,2026-09-17T07:52:11.050429+00:00
R0406,COK-JDH,Kochi,COK,Jodhpur,JDH,True,yatra,DISCOVERED,2026-09-17T07:52:11.050429+00:00
R0407,COK-KUU,Kochi,COK,Kullu,KUU,True,yatra,DISCOVERED,2026-09-17T07:52:11.050429+00:00
R0408,COK-LKO,Kochi,COK,Lucknow,LKO,True,yatra,DISCOVERED,2026-09-17T07:52:11.050429+00:00
R0409,COK-MAA,Kochi,COK,Chennai,MAA,True,yatra,DISCOVERED,2026-09-17T07:52:11.050429+00:00
R0410,COK-NAG,Kochi,COK,Nagpur,NAG,True,yatra,DISCOVERED,2026-09-17T07:52:11.050429+00:00
R0411,COK-PAT,Kochi,COK,Patna,PAT,True,yatra,DISCOVERED,2026-09-17T07:52:11.050429+00:00
R0412,COK-PNQ,Kochi,COK,Pune,PNQ,True,yatra,DISCOVERED,2026-09-17T07:52:11.050429+00:00
R0413,COK-RPR,Kochi,COK,Raipur,RPR,True,yatra,DISCOVERED,2026-09-17T07:52:11.050429+00:00
R0414,COK-STV,Kochi,COK,Surat,STV,True,yatra,DISCOVERED,2026-09-17T07:52:11.050429+00:00
R0415,COK-SXR,Kochi,COK,Srinagar,SXR,True,yatra,DISCOVERED,2026-09-17T07:52:11.050429+00:00
R0416,COK-TRV,Kochi,COK,Thiruvananthapuram,TRV,True,yatra,DISCOVERED,2026-09-17T07:52:11.050429+00:00
R0417,COK-TRZ,Kochi,COK,Tiruchirappalli,TRZ,True,yatra,DISCOVERED,2026-09-17T07:52:11.050429+00:00
R0418,COK-UDR,Kochi,COK,Udaipur,UDR,True,yatra,DISCOVERED,2026-09-17T07:52:11.050429+00:00
R0419,COK-VNS,Kochi,COK,Varanasi,VNS,True,yatra,DISCOVERED,2026-09-17T07:52:11.050429+00:00
R0420,COK-VTZ,Kochi,COK,Visakhapatnam,VTZ,True,yatra,DISCOVERED,2026-09-17T07:52:11.050429+00:00
R0421,LKO-AMD,Lucknow,LKO,Ahmedabad,AMD,True,yatra,DISCOVERED,2026-09-17T07:52:11.050429+00:00
R0422,LKO-ATQ,Lucknow,LKO,Amritsar,ATQ,True,yatra,DISCOVERED,2026-09-17T07:52:11.050429+00:00
R0423,LKO-BBI,Lucknow,LKO,Bhubaneswar,BBI,True,yatra,DISCOVERED,2026-09-17T07:52:11.050429+00:00
R0424,LKO-BDQ,Lucknow,LKO,Vadodara,BDQ,True,yatra,DISCOVERED,2026-09-17T07:52:11.050429+00:00
R0425,LKO-BLR,Lucknow,LKO,Bengaluru,BLR,True,yatra,DISCOVERED,2026-09-17T07:52:11.050429+00:00
R0426,LKO-BOM,Lucknow,LKO,Mumbai,BOM,True,yatra,DISCOVERED,2026-09-17T07:52:11.050429+00:00
R0427,LKO-CCU,Lucknow,LKO,Kolkata,CCU,True,yatra,DISCOVERED,2026-09-17T07:52:11.050429+00:00
R0428,LKO-CJB,Lucknow,LKO,Coimbatore,CJB,True,yatra,DISCOVERED,2026-09-17T07:52:11.050429+00:00
R0429,LKO-COK,Lucknow,LKO,Kochi,COK,True,yatra,DISCOVERED,2026-09-17T07:52:11.050429+00:00
R0430,LKO-DED,Lucknow,LKO,Dehradun,DED,True,yatra,DISCOVERED,2026-09-17T07:52:11.050429+00:00
R0431,LKO-DEL,Lucknow,LKO,New Delhi,DEL,True,yatra,DISCOVERED,2026-09-17T07:52:11.050429+00:00
R0432,LKO-DHM,Lucknow,LKO,Dharamshala,DHM,True,yatra,DISCOVERED,2026-09-17T07:52:11.050429+00:00
R0433,LKO-DIB,Lucknow,LKO,Dibrugarh,DIB,True,yatra,DISCOVERED,2026-09-17T07:52:11.050429+00:00
R0434,LKO-GAU,Lucknow,LKO,Guwahati,GAU,True,yatra,DISCOVERED,2026-09-17T07:52:11.050429+00:00
R0435,LKO-GOI,Lucknow,LKO,Goa (Dabolim),GOI,True,yatra,DISCOVERED,2026-09-17T07:52:11.050429+00:00
R0436,LKO-GOX,Lucknow,LKO,Goa (Mopa),GOX,True,yatra,DISCOVERED,2026-09-17T07:52:11.050429+00:00
R0437,LKO-GWL,Lucknow,LKO,Gwalior,GWL,True,yatra,DISCOVERED,2026-09-17T07:52:11.050429+00:00
R0438,LKO-HYD,Lucknow,LKO,Hyderabad,HYD,True,yatra,DISCOVERED,2026-09-17T07:52:11.050429+00:00
R0439,LKO-IDR,Lucknow,LKO,Indore,IDR,True,yatra,DISCOVERED,2026-09-17T07:52:11.050429+00:00
R0440,LKO-IMF,Lucknow,LKO,Imphal,IMF,True,yatra,DISCOVERED,2026-09-17T07:52:11.050429+00:00
R0441,LKO-IXA,Lucknow,LKO,Agartala,IXA,True,yatra,DISCOVERED,2026-09-17T07:52:11.050429+00:00
R0442,LKO-IXB,Lucknow,LKO,Bagdogra,IXB,True,yatra,DISCOVERED,2026-09-17T07:52:11.050429+00:00
R0443,LKO-IXC,Lucknow,LKO,Chandigarh,IXC,True,yatra,DISCOVERED,2026-09-17T07:52:11.050429+00:00
R0444,LKO-IXE,Lucknow,LKO,Mangalore,IXE,True,yatra,DISCOVERED,2026-09-17T07:52:11.050429+00:00
R0445,LKO-IXJ,Lucknow,LKO,Jammu,IXJ,True,yatra,DISCOVERED,2026-09-17T07:52:11.050429+00:00
R0446,LKO-IXM,Lucknow,LKO,Madurai,IXM,True,yatra,DISCOVERED,2026-09-17T07:52:11.050429+00:00
R0447,LKO-IXR,Lucknow,LKO,Ranchi,IXR,True,yatra,DISCOVERED,2026-09-17T07:52:11.050429+00:00
R0448,LKO-JAI,Lucknow,LKO,Jaipur,JAI,True,yatra,DISCOVERED,2026-09-17T07:52:11.050429+00:00
R0449,LKO-JDH,Lucknow,LKO,Jodhpur,JDH,True,yatra,DISCOVERED,2026-09-17T07:52:11.050429+00:00
R0450,LKO-KUU,Lucknow,LKO,Kullu,KUU,True,yatra,DISCOVERED,2026-09-17T07:52:11.050429+00:00
R0451,LKO-MAA,Lucknow,LKO,Chennai,MAA,True,yatra,DISCOVERED,2026-09-17T07:52:11.050429+00:00
R0452,LKO-NAG,Lucknow,LKO,Nagpur,NAG,True,yatra,DISCOVERED,2026-09-17T07:52:11.050429+00:00
R0453,LKO-PAT,Lucknow,LKO,Patna,PAT,True,yatra,DISCOVERED,2026-09-17T07:52:11.050429+00:00
R0454,LKO-PNQ,Lucknow,LKO,Pune,PNQ,True,yatra,DISCOVERED,2026-09-17T07:52:11.050429+00:00
R0455,LKO-RPR,Lucknow,LKO,Raipur,RPR,True,yatra,DISCOVERED,2026-09-17T07:52:11.050429+00:00
R0456,LKO-STV,Lucknow,LKO,Surat,STV,True,yatra,DISCOVERED,2026-09-17T07:52:11.050429+00:00
R0457,LKO-SXR,Lucknow,LKO,Srinagar,SXR,True,yatra,DISCOVERED,2026-09-17T07:52:11.050429+00:00
R0458,LKO-TRV,Lucknow,LKO,Thiruvananthapuram,TRV,True,yatra,DISCOVERED,2026-09-17T07:52:11.050429+00:00
R0459,LKO-TRZ,Lucknow,LKO,Tiruchirappalli,TRZ,True,yatra,DISCOVERED,2026-09-17T07:52:11.050429+00:00
R0460,LKO-UDR,Lucknow,LKO,Udaipur,UDR,True,yatra,DISCOVERED,2026-09-17T07:52:11.050429+00:00
R0461,LKO-VNS,Lucknow,LKO,Varanasi,VNS,True,yatra,DISCOVERED,2026-09-17T07:52:11.050429+00:00
R0462,LKO-VTZ,Lucknow,LKO,Visakhapatnam,VTZ,True,yatra,DISCOVERED,2026-09-17T07:52:11.050429+00:00
R0463,PAT-AMD,Patna,PAT,Ahmedabad,AMD,True,yatra,DISCOVERED,2026-09-17T07:52:11.050429+00:00
R0464,PAT-ATQ,Patna,PAT,Amritsar,ATQ,True,yatra,DISCOVERED,2026-09-17T07:52:11.050429+00:00
R0465,PAT-BBI,Patna,PAT,Bhubaneswar,BBI,True,yatra,DISCOVERED,2026-09-17T07:52:11.050429+00:00
R0466,PAT-BDQ,Patna,PAT,Vadodara,BDQ,True,yatra,DISCOVERED,2026-09-17T07:52:11.050429+00:00
R0467,PAT-BLR,Patna,PAT,Bengaluru,BLR,True,yatra,DISCOVERED,2026-09-17T07:52:11.050429+00:00
R0468,PAT-BOM,Patna,PAT,Mumbai,BOM,True,yatra,DISCOVERED,2026-09-17T07:52:11.050429+00:00
R0469,PAT-CCU,Patna,PAT,Kolkata,CCU,True,yatra,DISCOVERED,2026-09-17T07:52:11.050429+00:00
R0470,PAT-CJB,Patna,PAT,Coimbatore,CJB,True,yatra,DISCOVERED,2026-09-17T07:52:11.050429+00:00
R0471,PAT-COK,Patna,PAT,Kochi,COK,True,yatra,DISCOVERED,2026-09-17T07:52:11.050429+00:00
R0472,PAT-DED,Patna,PAT,Dehradun,DED,True,yatra,DISCOVERED,2026-09-17T07:52:11.050429+00:00
R0473,PAT-DEL,Patna,PAT,New Delhi,DEL,True,yatra,DISCOVERED,2026-09-17T07:52:11.050429+00:00
R0474,PAT-DHM,Patna,PAT,Dharamshala,DHM,True,yatra,DISCOVERED,2026-09-17T07:52:11.050429+00:00
R0475,PAT-DIB,Patna,PAT,Dibrugarh,DIB,True,yatra,DISCOVERED,2026-09-17T07:52:11.050429+00:00
R0476,PAT-GAU,Patna,PAT,Guwahati,GAU,True,yatra,DISCOVERED,2026-09-17T07:52:11.050429+00:00
R0477,PAT-GOI,Patna,PAT,Goa (Dabolim),GOI,True,yatra,DISCOVERED,2026-09-17T07:52:11.050429+00:00
R0478,PAT-GOX,Patna,PAT,Goa (Mopa),GOX,True,yatra,DISCOVERED,2026-09-17T07:52:11.050429+00:00
R0479,PAT-GWL,Patna,PAT,Gwalior,GWL,True,yatra,DISCOVERED,2026-09-17T07:52:11.050429+00:00
R0480,PAT-HYD,Patna,PAT,Hyderabad,HYD,True,yatra,DISCOVERED,2026-09-17T07:52:11.050429+00:00
R0481,PAT-IDR,Patna,PAT,Indore,IDR,True,yatra,DISCOVERED,2026-09-17T07:52:11.050429+00:00
R0482,PAT-IMF,Patna,PAT,Imphal,IMF,True,yatra,DISCOVERED,2026-09-17T07:52:11.050429+00:00
R0483,PAT-IXA,Patna,PAT,Agartala,IXA,True,yatra,DISCOVERED,2026-09-17T07:52:11.050429+00:00
R0484,PAT-IXB,Patna,PAT,Bagdogra,IXB,True,yatra,DISCOVERED,2026-09-17T07:52:11.050429+00:00
R0485,PAT-IXC,Patna,PAT,Chandigarh,IXC,True,yatra,DISCOVERED,2026-09-17T07:52:11.050429+00:00
R0486,PAT-IXE,Patna,PAT,Mangalore,IXE,True,yatra,DISCOVERED,2026-09-17T07:52:11.050429+00:00
R0487,PAT-IXJ,Patna,PAT,Jammu,IXJ,True,yatra,DISCOVERED,2026-09-17T07:52:11.050429+00:00
R0488,PAT-IXM,Patna,PAT,Madurai,IXM,True,yatra,DISCOVERED,2026-09-17T07:52:11.050429+00:00
R0489,PAT-IXR,Patna,PAT,Ranchi,IXR,True,yatra,DISCOVERED,2026-09-17T07:52:11.050429+00:00
R0490,PAT-JAI,Patna,PAT,Jaipur,JAI,True,yatra,DISCOVERED,2026-09-17T07:52:11.050429+00:00
R0491,PAT-JDH,Patna,PAT,Jodhpur,JDH,True,yatra,DISCOVERED,2026-09-17T07:52:11.050429+00:00
R0492,PAT-KUU,Patna,PAT,Kullu,KUU,True,yatra,DISCOVERED,2026-09-17T07:52:11.050429+00:00
R0493,PAT-LKO,Patna,PAT,Lucknow,LKO,True,yatra,DISCOVERED,2026-09-17T07:52:11.050429+00:00
R0494,PAT-MAA,Patna,PAT,Chennai,MAA,True,yatra,DISCOVERED,2026-09-17T07:52:11.050429+00:00
R0495,PAT-NAG,Patna,PAT,Nagpur,NAG,True,yatra,DISCOVERED,2026-09-17T07:52:11.050429+00:00
R0496,PAT-PNQ,Patna,PAT,Pune,PNQ,True,yatra,DISCOVERED,2026-09-17T07:52:11.050429+00:00
R0497,PAT-RPR,Patna,PAT,Raipur,RPR,True,yatra,DISCOVERED,2026-09-17T07:52:11.050429+00:00
R0498,PAT-STV,Patna,PAT,Surat,STV,True,yatra,DISCOVERED,2026-09-17T07:52:11.050429+00:00
R0499,PAT-SXR,Patna,PAT,Srinagar,SXR,True,yatra,DISCOVERED,2026-09-17T07:52:11.050429+00:00
R0500,PAT-TRV,Patna,PAT,Thiruvananthapuram,TRV,True,yatra,DISCOVERED,2026-09-17T07:52:11.050429+00:00
R0501,PAT-TRZ,Patna,PAT,Tiruchirappalli,TRZ,True,yatra,DISCOVERED,2026-09-17T07:52:11.050429+00:00
R0502,PAT-UDR,Patna,PAT,Udaipur,UDR,True,yatra,DISCOVERED,2026-09-17T07:52:11.050429+00:00
R0503,PAT-VNS,Patna,PAT,Varanasi,VNS,True,yatra,DISCOVERED,2026-09-17T07:52:11.050429+00:00
R0504,PAT-VTZ,Patna,PAT,Visakhapatnam,VTZ,True,yatra,DISCOVERED,2026-09-17T07:52:11.050429+00:00
R0505,GAU-AMD,Guwahati,GAU,Ahmedabad,AMD,True,yatra,DISCOVERED,2026-09-17T07:52:11.050429+00:00
R0506,GAU-ATQ,Guwahati,GAU,Amritsar,ATQ,True,yatra,DISCOVERED,2026-09-17T07:52:11.050429+00:00
R0507,GAU-BBI,Guwahati,GAU,Bhubaneswar,BBI,True,yatra,DISCOVERED,2026-09-17T07:52:11.050429+00:00
R0508,GAU-BDQ,Guwahati,GAU,Vadodara,BDQ,True,yatra,DISCOVERED,2026-09-17T07:52:11.050429+00:00
R0509,GAU-BLR,Guwahati,GAU,Bengaluru,BLR,True,yatra,DISCOVERED,2026-09-17T07:52:11.050429+00:00
R0510,GAU-BOM,Guwahati,GAU,Mumbai,BOM,True,yatra,DISCOVERED,2026-09-17T07:52:11.050429+00:00
R0511,GAU-CCU,Guwahati,GAU,Kolkata,CCU,True,yatra,DISCOVERED,2026-09-17T07:52:11.050429+00:00
R0512,GAU-CJB,Guwahati,GAU,Coimbatore,CJB,True,yatra,DISCOVERED,2026-09-17T07:52:11.050429+00:00
R0513,GAU-COK,Guwahati,GAU,Kochi,COK,True,yatra,DISCOVERED,2026-09-17T07:52:11.050429+00:00
R0514,GAU-DED,Guwahati,GAU,Dehradun,DED,True,yatra,DISCOVERED,2026-09-17T07:52:11.050429+00:00
R0515,GAU-DEL,Guwahati,GAU,New Delhi,DEL,True,yatra,DISCOVERED,2026-09-17T07:52:11.050429+00:00
R0516,GAU-DHM,Guwahati,GAU,Dharamshala,DHM,True,yatra,DISCOVERED,2026-09-17T07:52:11.050429+00:00
R0517,GAU-DIB,Guwahati,GAU,Dibrugarh,DIB,True,yatra,DISCOVERED,2026-09-17T07:52:11.050429+00:00
R0518,GAU-GOI,Guwahati,GAU,Goa (Dabolim),GOI,True,yatra,DISCOVERED,2026-09-17T07:52:11.050429+00:00
R0519,GAU-GOX,Guwahati,GAU,Goa (Mopa),GOX,True,yatra,DISCOVERED,2026-09-17T07:52:11.050429+00:00
R0520,GAU-GWL,Guwahati,GAU,Gwalior,GWL,True,yatra,DISCOVERED,2026-09-17T07:52:11.050429+00:00
R0521,GAU-HYD,Guwahati,GAU,Hyderabad,HYD,True,yatra,DISCOVERED,2026-09-17T07:52:11.050429+00:00
R0522,GAU-IDR,Guwahati,GAU,Indore,IDR,True,yatra,DISCOVERED,2026-09-17T07:52:11.050429+00:00
R0523,GAU-IMF,Guwahati,GAU,Imphal,IMF,True,yatra,DISCOVERED,2026-09-17T07:52:11.050429+00:00
R0524,GAU-IXA,Guwahati,GAU,Agartala,IXA,True,yatra,DISCOVERED,2026-09-17T07:52:11.050429+00:00
R0525,GAU-IXB,Guwahati,GAU,Bagdogra,IXB,True,yatra,DISCOVERED,2026-09-17T07:52:11.050429+00:00
R0526,GAU-IXC,Guwahati,GAU,Chandigarh,IXC,True,yatra,DISCOVERED,2026-09-17T07:52:11.050429+00:00
R0527,GAU-IXE,Guwahati,GAU,Mangalore,IXE,True,yatra,DISCOVERED,2026-09-17T07:52:11.050429+00:00
R0528,GAU-IXJ,Guwahati,GAU,Jammu,IXJ,True,yatra,DISCOVERED,2026-09-17T07:52:11.050429+00:00
R0529,GAU-IXM,Guwahati,GAU,Madurai,IXM,True,yatra,DISCOVERED,2026-09-17T07:52:11.050429+00:00
R0530,GAU-IXR,Guwahati,GAU,Ranchi,IXR,True,yatra,DISCOVERED,2026-09-17T07:52:11.050429+00:00
R0531,GAU-JAI,Guwahati,GAU,Jaipur,JAI,True,yatra,DISCOVERED,2026-09-17T07:52:11.050429+00:00
R0532,GAU-JDH,Guwahati,GAU,Jodhpur,JDH,True,yatra,DISCOVERED,2026-09-17T07:52:11.050429+00:00
R0533,GAU-KUU,Guwahati,GAU,Kullu,KUU,True,yatra,DISCOVERED,2026-09-17T07:52:11.050429+00:00
R0534,GAU-LKO,Guwahati,GAU,Lucknow,LKO,True,yatra,DISCOVERED,2026-09-17T07:52:11.050429+00:00
R0535,GAU-MAA,Guwahati,GAU,Chennai,MAA,True,yatra,DISCOVERED,2026-09-17T07:52:11.050429+00:00
R0536,GAU-NAG,Guwahati,GAU,Nagpur,NAG,True,yatra,DISCOVERED,2026-09-17T07:52:11.050429+00:00
R0537,GAU-PAT,Guwahati,GAU,Patna,PAT,True,yatra,DISCOVERED,2026-09-17T07:52:11.050429+00:00
R0538,GAU-PNQ,Guwahati,GAU,Pune,PNQ,True,yatra,DISCOVERED,2026-09-17T07:52:11.050429+00:00
R0539,GAU-RPR,Guwahati,GAU,Raipur,RPR,True,yatra,DISCOVERED,2026-09-17T07:52:11.050429+00:00
R0540,GAU-STV,Guwahati,GAU,Surat,STV,True,yatra,DISCOVERED,2026-09-17T07:52:11.050429+00:00
R0541,GAU-SXR,Guwahati,GAU,Srinagar,SXR,True,yatra,DISCOVERED,2026-09-17T07:52:11.050429+00:00
R0542,GAU-TRV,Guwahati,GAU,Thiruvananthapuram,TRV,True,yatra,DISCOVERED,2026-09-17T07:52:11.050429+00:00
R0543,GAU-TRZ,Guwahati,GAU,Tiruchirappalli,TRZ,True,yatra,DISCOVERED,2026-09-17T07:52:11.050429+00:00
R0544,GAU-UDR,Guwahati,GAU,Udaipur,UDR,True,yatra,DISCOVERED,2026-09-17T07:52:11.050429+00:00
R0545,GAU-VNS,Guwahati,GAU,Varanasi,VNS,True,yatra,DISCOVERED,2026-09-17T07:52:11.050429+00:00
R0546,GAU-VTZ,Guwahati,GAU,Visakhapatnam,VTZ,True,yatra,DISCOVERED,2026-09-17T07:52:11.050429+00:00
R0547,JAI-AMD,Jaipur,JAI,Ahmedabad,AMD,True,yatra,DISCOVERED,2026-09-17T07:52:11.050429+00:00
R0548,JAI-ATQ,Jaipur,JAI,Amritsar,ATQ,True,yatra,DISCOVERED,2026-09-17T07:52:11.050429+00:00
R0549,JAI-BBI,Jaipur,JAI,Bhubaneswar,BBI,True,yatra,DISCOVERED,2026-09-17T07:52:11.050429+00:00
R0550,JAI-BDQ,Jaipur,JAI,Vadodara,BDQ,True,yatra,DISCOVERED,2026-09-17T07:52:11.050429+00:00
R0551,JAI-BLR,Jaipur,JAI,Bengaluru,BLR,True,yatra,DISCOVERED,2026-09-17T07:52:11.050429+00:00
R0552,JAI-BOM,Jaipur,JAI,Mumbai,BOM,True,yatra,DISCOVERED,2026-09-17T07:52:11.050429+00:00
R0553,JAI-CCU,Jaipur,JAI,Kolkata,CCU,True,yatra,DISCOVERED,2026-09-17T07:52:11.050429+00:00
R0554,JAI-CJB,Jaipur,JAI,Coimbatore,CJB,True,yatra,DISCOVERED,2026-09-17T07:52:11.050429+00:00
R0555,JAI-COK,Jaipur,JAI,Kochi,COK,True,yatra,DISCOVERED,2026-09-17T07:52:11.050429+00:00
R0556,JAI-DED,Jaipur,JAI,Dehradun,DED,True,yatra,DISCOVERED,2026-09-17T07:52:11.050429+00:00
R0557,JAI-DEL,Jaipur,JAI,New Delhi,DEL,True,yatra,DISCOVERED,2026-09-17T07:52:11.050429+00:00
R0558,JAI-DHM,Jaipur,JAI,Dharamshala,DHM,True,yatra,DISCOVERED,2026-09-17T07:52:11.050429+00:00
R0559,JAI-DIB,Jaipur,JAI,Dibrugarh,DIB,True,yatra,DISCOVERED,2026-09-17T07:52:11.050429+00:00
R0560,JAI-GAU,Jaipur,JAI,Guwahati,GAU,True,yatra,DISCOVERED,2026-09-17T07:52:11.050429+00:00
R0561,JAI-GOI,Jaipur,JAI,Goa (Dabolim),GOI,True,yatra,DISCOVERED,2026-09-17T07:52:11.050429+00:00
R0562,JAI-GOX,Jaipur,JAI,Goa (Mopa),GOX,True,yatra,DISCOVERED,2026-09-17T07:52:11.050429+00:00
R0563,JAI-GWL,Jaipur,JAI,Gwalior,GWL,True,yatra,DISCOVERED,2026-09-17T07:52:11.050429+00:00
R0564,JAI-HYD,Jaipur,JAI,Hyderabad,HYD,True,yatra,DISCOVERED,2026-09-17T07:52:11.050429+00:00
R0565,JAI-IDR,Jaipur,JAI,Indore,IDR,True,yatra,DISCOVERED,2026-09-17T07:52:11.050429+00:00
R0566,JAI-IMF,Jaipur,JAI,Imphal,IMF,True,yatra,DISCOVERED,2026-09-17T07:52:11.050429+00:00
R0567,JAI-IXA,Jaipur,JAI,Agartala,IXA,True,yatra,DISCOVERED,2026-09-17T07:52:11.050429+00:00
R0568,JAI-IXB,Jaipur,JAI,Bagdogra,IXB,True,yatra,DISCOVERED,2026-09-17T07:52:11.050429+00:00
R0569,JAI-IXC,Jaipur,JAI,Chandigarh,IXC,True,yatra,DISCOVERED,2026-09-17T07:52:11.050429+00:00
R0570,JAI-IXE,Jaipur,JAI,Mangalore,IXE,True,yatra,DISCOVERED,2026-09-17T07:52:11.050429+00:00
R0571,JAI-IXJ,Jaipur,JAI,Jammu,IXJ,True,yatra,DISCOVERED,2026-09-17T07:52:11.050429+00:00
R0572,JAI-IXM,Jaipur,JAI,Madurai,IXM,True,yatra,DISCOVERED,2026-09-17T07:52:11.050429+00:00
R0573,JAI-IXR,Jaipur,JAI,Ranchi,IXR,True,yatra,DISCOVERED,2026-09-17T07:52:11.050429+00:00
R0574,JAI-JDH,Jaipur,JAI,Jodhpur,JDH,True,yatra,DISCOVERED,2026-09-17T07:52:11.050429+00:00
R0575,JAI-KUU,Jaipur,JAI,Kullu,KUU,True,yatra,DISCOVERED,2026-09-17T07:52:11.050429+00:00
R0576,JAI-LKO,Jaipur,JAI,Lucknow,LKO,True,yatra,DISCOVERED,2026-09-17T07:52:11.050429+00:00
R0577,JAI-MAA,Jaipur,JAI,Chennai,MAA,True,yatra,DISCOVERED,2026-09-17T07:52:11.050429+00:00
R0578,JAI-NAG,Jaipur,JAI,Nagpur,NAG,True,yatra,DISCOVERED,2026-09-17T07:52:11.050429+00:00
R0579,JAI-PAT,Jaipur,JAI,Patna,PAT,True,yatra,DISCOVERED,2026-09-17T07:52:11.050429+00:00
R0580,JAI-PNQ,Jaipur,JAI,Pune,PNQ,True,yatra,DISCOVERED,2026-09-17T07:52:11.050429+00:00
R0581,JAI-RPR,Jaipur,JAI,Raipur,RPR,True,yatra,DISCOVERED,2026-09-17T07:52:11.050429+00:00
R0582,JAI-STV,Jaipur,JAI,Surat,STV,True,yatra,DISCOVERED,2026-09-17T07:52:11.050429+00:00
R0583,JAI-SXR,Jaipur,JAI,Srinagar,SXR,True,yatra,DISCOVERED,2026-09-17T07:52:11.050429+00:00
R0584,JAI-TRV,Jaipur,JAI,Thiruvananthapuram,TRV,True,yatra,DISCOVERED,2026-09-17T07:52:11.050429+00:00
R0585,JAI-TRZ,Jaipur,JAI,Tiruchirappalli,TRZ,True,yatra,DISCOVERED,2026-09-17T07:52:11.050429+00:00
R0586,JAI-UDR,Jaipur,JAI,Udaipur,UDR,True,yatra,DISCOVERED,2026-09-17T07:52:11.050429+00:00
R0587,JAI-VNS,Jaipur,JAI,Varanasi,VNS,True,yatra,DISCOVERED,2026-09-17T07:52:11.050429+00:00
R0588,JAI-VTZ,Jaipur,JAI,Visakhapatnam,VTZ,True,yatra,DISCOVERED,2026-09-17T07:52:11.050429+00:00
R0589,SXR-AMD,Srinagar,SXR,Ahmedabad,AMD,True,yatra,DISCOVERED,2026-09-17T07:52:11.050429+00:00
R0590,SXR-ATQ,Srinagar,SXR,Amritsar,ATQ,True,yatra,DISCOVERED,2026-09-17T07:52:11.050429+00:00
R0591,SXR-BBI,Srinagar,SXR,Bhubaneswar,BBI,True,yatra,DISCOVERED,2026-09-17T07:52:11.050429+00:00
R0592,SXR-BDQ,Srinagar,SXR,Vadodara,BDQ,True,yatra,DISCOVERED,2026-09-17T07:52:11.050429+00:00
R0593,SXR-BLR,Srinagar,SXR,Bengaluru,BLR,True,yatra,DISCOVERED,2026-09-17T07:52:11.050429+00:00
R0594,SXR-BOM,Srinagar,SXR,Mumbai,BOM,True,yatra,DISCOVERED,2026-09-17T07:52:11.050429+00:00
R0595,SXR-CCU,Srinagar,SXR,Kolkata,CCU,True,yatra,DISCOVERED,2026-09-17T07:52:11.050429+00:00
R0596,SXR-CJB,Srinagar,SXR,Coimbatore,CJB,True,yatra,DISCOVERED,2026-09-17T07:52:11.050429+00:00
R0597,SXR-COK,Srinagar,SXR,Kochi,COK,True,yatra,DISCOVERED,2026-09-17T07:52:11.050429+00:00
R0598,SXR-DED,Srinagar,SXR,Dehradun,DED,True,yatra,DISCOVERED,2026-09-17T07:52:11.050429+00:00
R0599,SXR-DEL,Srinagar,SXR,New Delhi,DEL,True,yatra,DISCOVERED,2026-09-17T07:52:11.050429+00:00
R0600,SXR-DHM,Srinagar,SXR,Dharamshala,DHM,True,yatra,DISCOVERED,2026-09-17T07:52:11.050429+00:00
R0601,SXR-DIB,Srinagar,SXR,Dibrugarh,DIB,True,yatra,DISCOVERED,2026-09-17T07:52:11.050429+00:00
R0602,SXR-GAU,Srinagar,SXR,Guwahati,GAU,True,yatra,DISCOVERED,2026-09-17T07:52:11.050429+00:00
R0603,SXR-GOI,Srinagar,SXR,Goa (Dabolim),GOI,True,yatra,DISCOVERED,2026-09-17T07:52:11.050429+00:00
R0604,SXR-GOX,Srinagar,SXR,Goa (Mopa),GOX,True,yatra,DISCOVERED,2026-09-17T07:52:11.050429+00:00
R0605,SXR-GWL,Srinagar,SXR,Gwalior,GWL,True,yatra,DISCOVERED,2026-09-17T07:52:11.050429+00:00
R0606,SXR-HYD,Srinagar,SXR,Hyderabad,HYD,True,yatra,DISCOVERED,2026-09-17T07:52:11.050429+00:00
R0607,SXR-IDR,Srinagar,SXR,Indore,IDR,True,yatra,DISCOVERED,2026-09-17T07:52:11.050429+00:00
R0608,SXR-IMF,Srinagar,SXR,Imphal,IMF,True,yatra,DISCOVERED,2026-09-17T07:52:11.050429+00:00
R0609,SXR-IXA,Srinagar,SXR,Agartala,IXA,True,yatra,DISCOVERED,2026-09-17T07:52:11.050429+00:00
R0610,SXR-IXB,Srinagar,SXR,Bagdogra,IXB,True,yatra,DISCOVERED,2026-09-17T07:52:11.050429+00:00
R0611,SXR-IXC,Srinagar,SXR,Chandigarh,IXC,True,yatra,DISCOVERED,2026-09-17T07:52:11.050429+00:00
R0612,SXR-IXE,Srinagar,SXR,Mangalore,IXE,True,yatra,DISCOVERED,2026-09-17T07:52:11.050429+00:00
R0613,SXR-IXJ,Srinagar,SXR,Jammu,IXJ,True,yatra,DISCOVERED,2026-09-17T07:52:11.050429+00:00
R0614,SXR-IXM,Srinagar,SXR,Madurai,IXM,True,yatra,DISCOVERED,2026-09-17T07:52:11.050429+00:00
R0615,SXR-IXR,Srinagar,SXR,Ranchi,IXR,True,yatra,DISCOVERED,2026-09-17T07:52:11.050429+00:00
R0616,SXR-JAI,Srinagar,SXR,Jaipur,JAI,True,yatra,DISCOVERED,2026-09-17T07:52:11.050429+00:00
R0617,SXR-JDH,Srinagar,SXR,Jodhpur,JDH,True,yatra,DISCOVERED,2026-09-17T07:52:11.050429+00:00
R0618,SXR-KUU,Srinagar,SXR,Kullu,KUU,True,yatra,DISCOVERED,2026-09-17T07:52:11.050429+00:00
R0619,SXR-LKO,Srinagar,SXR,Lucknow,LKO,True,yatra,DISCOVERED,2026-09-17T07:52:11.050429+00:00
R0620,SXR-MAA,Srinagar,SXR,Chennai,MAA,True,yatra,DISCOVERED,2026-09-17T07:52:11.050429+00:00
R0621,SXR-NAG,Srinagar,SXR,Nagpur,NAG,True,yatra,DISCOVERED,2026-09-17T07:52:11.050429+00:00
R0622,SXR-PAT,Srinagar,SXR,Patna,PAT,True,yatra,DISCOVERED,2026-09-17T07:52:11.050429+00:00
R0623,SXR-PNQ,Srinagar,SXR,Pune,PNQ,True,yatra,DISCOVERED,2026-09-17T07:52:11.050429+00:00
R0624,SXR-RPR,Srinagar,SXR,Raipur,RPR,True,yatra,DISCOVERED,2026-09-17T07:52:11.050429+00:00
R0625,SXR-STV,Srinagar,SXR,Surat,STV,True,yatra,DISCOVERED,2026-09-17T07:52:11.050429+00:00
R0626,SXR-TRV,Srinagar,SXR,Thiruvananthapuram,TRV,True,yatra,DISCOVERED,2026-09-17T07:52:11.050429+00:00
R0627,SXR-TRZ,Srinagar,SXR,Tiruchirappalli,TRZ,True,yatra,DISCOVERED,2026-09-17T07:52:11.050429+00:00
R0628,SXR-UDR,Srinagar,SXR,Udaipur,UDR,True,yatra,DISCOVERED,2026-09-17T07:52:11.050429+00:00
R0629,SXR-VNS,Srinagar,SXR,Varanasi,VNS,True,yatra,DISCOVERED,2026-09-17T07:52:11.050429+00:00
R0630,SXR-VTZ,Srinagar,SXR,Visakhapatnam,VTZ,True,yatra,DISCOVERED,2026-09-17T07:52:11.050429+00:00
